seat_id,train_id,seat_class,status,fare
731,20,Standard,Available,299.961766273908
1465,44,First,Available,299.930818270168
560,16,Business,Available,299.487883449225
1509,46,First,Available,299.359209273443
1563,47,Business,Available,299.338515896929
345,10,Standard,Available,299.329841634702
1219,36,First,Available,299.167081813463
1074,31,Business,Available,298.531383261401
1061,30,Business,Available,298.530217851118
980,28,First,Available,298.367296101529
55,2,Standard,Available,298.332594318473
1113,32,First,Available,297.512374401194
1571,47,First,Available,297.510387866624
1269,38,Standard,Available,297.46012694797
1373,42,Standard,Available,297.444370671282
1177,34,Standard,Available,297.389266059528
1399,43,Standard,Available,297.198568522177
786,22,Standard,Available,297.135287364493
1351,42,First,Available,296.947001636726
693,19,Standard,Available,296.886723909363
179,5,Business,Available,296.729283764093
384,12,First,Available,296.635047785607
1533,46,First,Available,296.51681434195
213,6,Standard,Available,296.431501754448
840,23,First,Available,296.422768214896
902,26,Standard,Available,296.088655802446
305,10,Business,Available,296.050257629708
1214,36,First,Available,296.00322535366
319,10,First,Available,295.990163636714
96,2,First,Available,295.973432435014
1415,43,Standard,Available,295.872457438686
1145,33,First,Available,295.731808438116
1369,42,First,Available,295.435485495332
622,17,First,Available,295.323394653875
1576,47,Standard,Available,295.245438781822
551,16,Business,Available,295.160780969376
282,9,First,Available,294.837819776951
260,8,Standard,Available,294.495567186907
474,14,Business,Available,294.450040371369
818,23,Standard,Available,294.430620433826
1332,41,Standard,Available,294.162555534112
467,14,Standard,Available,294.148139719263
32,1,First,Available,294.049342589068
2,1,First,Available,294.048898761047
1472,44,Business,Available,294.011661190757
264,8,Standard,Available,294.002475297286
490,14,Standard,Available,293.83240048688
1092,31,First,Available,293.540700269692
73,2,Standard,Available,293.430461507402
967,27,First,Available,293.400797439592
132,3,First,Available,293.104201640171
111,3,Business,Available,292.950121012326
1580,48,Standard,Available,292.746920829993
371,11,Business,Available,292.746389382483
1310,39,Business,Available,292.74196037683
1066,31,Business,Available,292.536396615458
1252,37,Business,Available,292.441932890394
223,6,Standard,Available,292.0903982242
655,18,Business,Available,291.976843898193
202,6,Business,Available,291.975383698146
1094,31,First,Available,291.72859504968
537,15,First,Available,291.190747912119
937,27,First,Available,290.969996712509
1089,31,First,Available,290.903527887932
1048,30,Business,Available,290.85559876042
511,15,Business,Available,290.821825520739
241,7,First,Available,290.792125939146
741,21,Standard,Available,290.423386032267
826,23,First,Available,290.264308196662
218,6,First,Available,290.211858736511
879,25,Business,Available,290.189190793276
616,17,First,Available,290.075005908428
1164,33,Business,Available,289.953264735831
1200,35,Business,Available,289.653923220878
1604,50,First,Available,289.649484232082
788,22,Business,Available,289.496775575042
895,25,Standard,Available,289.492058670533
927,26,First,Available,289.255026097401
317,10,Standard,Available,289.211990742971
214,6,Business,Available,288.966899324399
1225,36,First,Available,288.929552653896
1208,36,Business,Available,288.828217308279
99,3,Business,Available,288.593743476534
1045,30,Standard,Available,288.498994480133
772,22,First,Available,288.482010975079
800,22,Standard,Available,288.167361059505
1152,33,Business,Available,288.123398256724
41,1,Standard,Available,287.482690677799
847,24,Standard,Available,286.849146524554
1477,45,Business,Available,286.530804437427
1437,44,First,Available,286.359014628183
1266,38,Business,Available,286.353704299041
747,21,Standard,Available,286.251084057148
1291,38,First,Available,285.860947037619
153,4,Standard,Available,285.799866724798
47,1,First,Available,285.667592178692
22,1,First,Available,285.550665742028
1426,43,First,Available,285.500049824682
1435,44,Standard,Available,285.493662630628
916,26,Standard,Available,285.460053844925
115,3,Business,Available,285.1819048278
1513,46,First,Available,285.162600028317
556,16,Business,Available,284.985613912652
692,19,Standard,Available,284.906726298866
1376,42,First,Available,284.721345507723
1166,34,First,Available,284.464030450835
397,12,Standard,Available,284.380487344775
750,21,Standard,Available,284.369514843737
1308,39,Standard,Available,284.340016478943
1357,42,Standard,Available,284.180439879151
396,12,Business,Available,284.12761159137
1192,35,First,Available,283.873970880021
1334,41,Standard,Available,283.622438574999
1033,30,Business,Available,283.005600033288
196,6,Business,Available,282.817572594943
1436,44,Standard,Available,282.733541198191
109,3,First,Available,282.438941514411
415,12,First,Available,282.292459957116
295,9,Standard,Available,282.272440660958
654,18,First,Available,282.05811107287
174,5,First,Available,281.988302664498
145,4,Business,Available,281.571649398664
1510,46,First,Available,281.569457249618
1419,43,First,Available,281.479594223622
1600,49,Standard,Available,281.082261928085
1469,44,First,Available,281.026945244202
1316,40,Business,Available,280.856042441678
1096,31,First,Available,280.498076694215
252,8,First,Available,280.387653110378
805,23,Business,Available,280.298808458844
543,16,First,Available,280.226114353249
906,26,First,Available,280.219813565861
853,24,First,Available,280.208279142984
504,15,First,Available,280.129262798271
181,5,Business,Available,279.938586236901
611,17,First,Available,279.851098415308
302,9,Standard,Available,279.625539381641
192,5,Standard,Available,279.462483318129
1360,42,Standard,Available,279.348043126437
612,17,Business,Available,279.324648925061
373,11,First,Available,279.006824729021
1018,30,First,Available,278.986314245988
525,15,First,Available,278.932366525045
1240,36,Standard,Available,278.880319112316
1519,46,Business,Available,278.571396459718
831,23,First,Available,278.456473406532
424,13,Standard,Available,278.38034543635
856,25,First,Available,278.339177844101
870,25,Standard,Available,278.326483199531
675,19,Standard,Available,278.282173605512
658,18,Standard,Available,278.191553498822
844,24,Business,Available,278.126392480421
1124,32,Business,Available,277.944735181386
845,24,Standard,Available,277.878056751208
1026,30,Business,Available,277.756702645094
1274,38,First,Available,277.728599245399
1155,33,First,Available,277.621849360487
998,28,First,Available,277.605210713354
481,14,Business,Available,277.441316373549
379,12,Business,Available,277.419126160885
1203,35,First,Available,277.403817410623
565,16,Business,Available,276.911136971681
197,6,Standard,Available,276.773781076764
1072,31,Standard,Available,276.027201841907
672,18,Standard,Available,276.003321645969
1099,31,Business,Available,275.927105711537
828,23,Standard,Available,275.656052855687
1242,36,Standard,Available,275.535976369166
777,22,Business,Available,275.524352556729
1104,32,First,Available,275.221668837199
1318,40,First,Available,274.824357633287
1354,42,First,Available,274.767323776111
1335,41,Standard,Available,274.573526787499
756,21,First,Available,274.421150149861
1430,43,Business,Available,274.384416746249
120,3,Standard,Available,274.270729116806
734,21,Business,Available,274.126304851499
718,20,Standard,Available,273.69885959652
333,10,Business,Available,273.685346846184
716,20,Business,Available,273.556436414521
1462,44,First,Available,273.461534477451
222,6,First,Available,273.350925414977
1423,43,First,Available,273.339420087559
91,2,Standard,Available,273.225099023829
921,26,First,Available,273.118186634739
1023,30,Business,Available,272.875433130376
412,12,First,Available,272.85384745526
519,15,Standard,Available,272.559762407574
341,10,Business,Available,272.541173342354
1120,32,Business,Available,272.042122555665
1526,46,Standard,Available,271.839753913413
744,21,Business,Available,271.617472948884
353,11,Standard,Available,271.577136747991
303,9,Standard,Available,271.501941547865
453,13,First,Available,271.48590275779
1275,38,Business,Available,271.257526355355
676,19,First,Available,271.217190893915
108,3,Standard,Available,271.212502037499
1079,31,Standard,Available,271.150274889695
1349,41,First,Available,271.140390993945
1347,41,Business,Available,271.083833996881
1128,32,Standard,Available,270.814840462773
394,12,First,Available,270.73334239751
813,23,First,Available,270.403809986874
1517,46,Standard,Available,270.341858910678
237,7,Business,Available,270.325746124888
1217,36,First,Available,270.135983453182
553,16,First,Available,270.011463673668
30,1,First,Available,269.986423691638
1587,48,Business,Available,269.826649371332
955,27,Business,Available,269.277810928448
367,11,Standard,Available,267.888393708917
566,16,Standard,Available,267.523094453657
520,15,First,Available,267.494024577803
1246,36,First,Available,267.318908985046
1595,49,Standard,Available,267.222981349683
638,18,First,Available,267.095501798311
1348,41,First,Available,266.992923284432
28,1,Business,Available,266.725436587912
422,13,First,Available,266.553441879032
1584,48,First,Available,266.320732893271
1047,30,Business,Available,266.247469814206
388,12,Business,Available,265.827569052182
1324,40,First,Available,265.775008996047
1425,43,Business,Available,265.617645087151
190,5,Standard,Available,265.40552629226
735,21,Business,Available,265.36392512107
563,16,Business,Available,265.36374111475
792,22,Standard,Available,265.122287734497
1507,46,Standard,Available,264.915462171125
300,9,Business,Available,264.744463250274
530,15,Business,Available,264.741617571621
160,4,First,Available,264.421961284407
597,17,Business,Available,264.308664588687
951,27,Standard,Available,264.237583451261
273,8,Business,Available,264.079114901934
229,6,Standard,Available,264.078462324336
463,13,First,Available,263.947443092238
613,17,Business,Available,263.831175691182
26,1,Standard,Available,263.793737674798
780,22,First,Available,263.496162019699
1284,38,Standard,Available,263.251788879711
1175,34,First,Available,262.855607523134
829,23,Business,Available,262.826570759378
1614,50,Business,Available,262.577859529523
418,13,First,Available,262.548332345788
1058,30,Standard,Available,262.546436695814
400,12,First,Available,261.788863099165
705,19,First,Available,261.731917512511
139,4,Business,Available,261.27766139458
1361,42,Business,Available,261.26445842428
1564,47,Standard,Available,261.008129982945
154,4,First,Available,260.822649145999
433,13,First,Available,260.464603573882
1404,43,Business,Available,260.374420899347
686,19,First,Available,260.111240083735
506,15,Business,Available,260.071200185154
92,2,First,Available,259.931684229302
88,2,Standard,Available,259.90263144733
860,25,First,Available,259.501459603623
58,2,First,Available,259.367144925962
1271,38,Standard,Available,259.250131125819
331,10,Standard,Available,259.145043006853
618,17,Standard,Available,259.123208156068
377,12,Business,Available,258.985827725836
1290,38,Standard,Available,258.84927205763
1382,42,Business,Available,258.838794898335
807,23,First,Available,258.835978073106
1163,33,Standard,Available,258.822317597363
1444,44,Standard,Available,258.597897390198
1244,36,Business,Available,258.546158839155
1270,38,First,Available,258.416713681192
993,28,Standard,Available,258.376566593382
1617,50,First,Available,258.372261652743
1613,50,First,Available,258.092075338306
25,1,Standard,Available,257.274424141613
427,13,First,Available,257.261651671066
201,6,Standard,Available,257.189721681031
505,15,First,Available,256.960647707419
602,17,Standard,Available,256.91164646694
915,26,First,Available,256.786447182435
294,9,Standard,Available,256.748848088011
177,5,Business,Available,256.655834362448
1228,36,Business,Available,256.610527582232
95,2,Business,Available,256.590910127646
320,10,Standard,Available,256.527241007834
1393,42,Standard,Available,256.458111615429
315,10,First,Available,256.109593620533
455,13,Standard,Available,255.978716134727
1263,38,First,Available,255.902242869761
1224,36,Standard,Available,255.859776181708
85,2,Business,Available,255.801320289906
387,12,Standard,Available,255.525244372122
374,11,Standard,Available,255.325519364984
469,14,First,Available,255.263868307471
1247,36,First,Available,255.054328863258
1253,37,Standard,Available,254.809014050048
615,17,Business,Available,254.697145493479
1306,39,First,Available,254.642341058236
266,8,First,Available,254.418035322013
1024,30,First,Available,254.382956167142
1438,44,Standard,Available,254.11404908197
975,28,Business,Available,254.082898200759
641,18,First,Available,253.915172527196
1494,45,Business,Available,253.758419476786
740,21,Business,Available,253.665813449962
1338,41,Standard,Available,252.909737960841
859,25,Standard,Available,252.898095035478
1541,46,Standard,Available,252.860119451905
514,15,First,Available,252.815476435423
349,11,Standard,Available,252.741433720504
508,15,Standard,Available,252.659837659926
510,15,Standard,Available,252.500631632198
1158,33,First,Available,252.156117452535
1422,43,Business,Available,252.140499803235
1138,33,First,Available,251.679525627329
894,25,Business,Available,251.549170588387
1223,36,Business,Available,251.422350725911
797,22,Business,Available,250.850564292542
225,6,Business,Available,250.435623549923
180,5,Standard,Available,250.010368801068
72,2,Business,Available,249.799178993198
1159,33,First,Available,249.78094100774
1598,49,First,Available,249.603341890005
1489,45,Standard,Available,249.554396639663
290,9,First,Available,249.188475413045
1148,33,Standard,Available,249.164275071013
267,8,Standard,Available,249.118173943747
356,11,First,Available,248.598499966213
1178,34,First,Available,248.525560781179
646,18,Standard,Available,248.310251102398
1599,49,First,Available,248.148318212203
389,12,Business,Available,248.070486718964
656,18,First,Available,247.598781051912
1315,40,First,Available,247.368785074973
1602,49,Business,Available,247.13930493361
498,15,First,Available,247.130606585881
1433,44,Standard,Available,246.775212678499
359,11,Business,Available,246.705370249072
897,25,First,Available,246.635581411382
212,6,Standard,Available,246.581698754992
986,28,Business,Available,246.577292953966
314,10,Standard,Available,246.543475146931
1256,37,First,Available,246.390878863454
533,15,First,Available,246.353413692027
1108,32,First,Available,246.192227593083
728,20,Standard,Available,246.158726327918
76,2,Standard,Available,246.110747308002
123,3,Standard,Available,246.020022339305
529,15,Business,Available,245.951321112075
1536,46,First,Available,245.833343397194
695,19,First,Available,245.742198657391
1370,42,First,Available,245.427486575457
440,13,First,Available,245.297519287562
44,1,Standard,Available,245.237476652088
1592,49,Business,Available,245.028348904057
794,22,Business,Available,244.7381503002
309,10,Standard,Available,244.663979719768
1538,46,Standard,Available,244.508871480175
594,17,Standard,Available,244.486716225807
920,26,Standard,Available,244.243015621687
279,9,Business,Available,244.203619134811
1012,29,First,Available,243.94058212061
1209,36,Standard,Available,243.926768764615
1504,45,First,Available,243.685572823301
1609,50,Business,Available,243.599046240729
1565,47,Business,Available,243.544833106724
527,15,Standard,Available,243.481951573242
438,13,Standard,Available,243.100394060597
1450,44,Standard,Available,243.053821967056
184,5,Business,Available,242.856708698264
598,17,Business,Available,242.730829604334
933,27,Business,Available,242.645576447851
1294,39,Business,Available,242.581803044663
946,27,Business,Available,242.145705202532
1522,46,Standard,Available,242.049806090323
33,1,First,Available,242.046692377504
1470,44,Business,Available,242.034585300192
862,25,Standard,Available,242.029117380068
669,18,First,Available,241.674887456159
1069,31,Business,Available,241.356976713914
881,25,Standard,Available,241.318607327782
1042,30,Standard,Available,241.22150385386
256,8,Business,Available,241.187104789864
588,17,First,Available,240.957762458831
419,13,First,Available,240.662565222552
1377,42,Business,Available,240.550692821926
361,11,Standard,Available,240.455616102301
381,12,First,Available,240.164218385994
904,26,Business,Available,239.958222089798
961,27,First,Available,239.867777975622
1136,33,First,Available,239.786526562587
29,1,First,Available,239.586604464394
649,18,Standard,Available,239.4733695672
580,16,Business,Available,239.235937543225
1287,38,Business,Available,239.141753764188
866,25,First,Available,238.925019636572
1169,34,Standard,Available,238.913664642046
487,14,Standard,Available,238.169134234227
1232,36,Business,Available,238.0766142971
130,3,Business,Available,237.537932253468
271,8,Standard,Available,237.476093951141
240,7,Standard,Available,237.324715606927
215,6,First,Available,237.257576727267
607,17,Business,Available,237.043945745026
355,11,Business,Available,236.997037393128
637,18,Standard,Available,236.833067876118
910,26,First,Available,236.668124446659
1087,31,Standard,Available,236.619761015049
799,22,Business,Available,236.585378859138
1386,42,Standard,Available,236.507704220824
1080,31,First,Available,236.0730911667
943,27,Business,Available,235.904992991804
173,5,Standard,Available,235.786699072189
450,13,First,Available,235.778627859164
122,3,First,Available,235.762661215693
272,8,First,Available,235.72592146153
276,9,First,Available,235.629773800874
1292,39,Standard,Available,235.610380467077
1125,32,First,Available,235.499892209096
1562,47,Business,Available,235.498392661887
834,23,Business,Available,234.967441085666
386,12,First,Available,234.952982884816
1353,42,Standard,Available,234.584472846807
796,22,First,Available,234.542509575021
1133,33,Standard,Available,234.096897440421
238,7,Standard,Available,234.08979746605
784,22,First,Available,233.754546085907
1461,44,Business,Available,233.69716728414
217,6,Business,Available,233.685161438422
724,20,First,Available,233.554069628983
358,11,Standard,Available,233.505208443196
232,6,Standard,Available,233.250201575127
1368,42,Standard,Available,232.999041346214
1411,43,First,Available,232.400025856305
492,14,Business,Available,232.31091032253
617,17,Business,Available,232.081930896296
1059,30,First,Available,232.020295870479
1280,38,Business,Available,231.948809499551
570,16,First,Available,231.614586274821
1005,29,Business,Available,231.55793146066
582,16,Business,Available,231.086273419304
1448,44,First,Available,231.02823425522
391,12,Business,Available,230.65749963718
1611,50,First,Available,230.654179576287
868,25,Standard,Available,230.653845778485
1081,31,First,Available,229.949776898705
971,28,Business,Available,229.818492801994
297,9,Standard,Available,229.598501829209
662,18,Standard,Available,229.450565293723
363,11,First,Available,229.449431315219
286,9,Business,Available,229.393349637443
318,10,Business,Available,229.270269812026
587,17,Business,Available,229.035394291104
1440,44,Business,Available,228.904708242488
769,22,Business,Available,228.772058952908
348,11,Business,Available,228.768765517175
531,15,Business,Available,228.672742033961
1304,39,First,Available,228.660237175793
572,16,First,Available,228.362516826179
1476,45,Standard,Available,227.95848069965
167,5,First,Available,227.909430151982
1002,28,First,Available,227.884557718906
1014,29,First,Available,227.757161854086
1543,46,First,Available,227.716756188781
639,18,Business,Available,227.351417480078
1057,30,First,Available,226.997764019563
231,6,First,Available,226.956975902957
1257,37,Business,Available,226.846408580758
697,19,Standard,Available,226.791391756865
1365,42,Business,Available,226.622525928165
785,22,Standard,Available,226.601122568812
162,5,First,Available,226.543856614617
98,3,Standard,Available,226.444859631208
643,18,Business,Available,226.378032842643
460,13,First,Available,226.299581026688
346,10,Standard,Available,226.265343686466
667,18,Standard,Available,226.186733078881
1405,43,First,Available,226.132095185893
727,20,Business,Available,226.024620439374
775,22,Standard,Available,225.987764884411
1569,47,Business,Available,225.958761881982
1289,38,First,Available,225.945352949506
869,25,First,Available,225.756714619481
1467,44,Business,Available,225.754817667421
1418,43,First,Available,225.478547554106
1325,40,First,Available,225.294004458948
767,21,First,Available,224.981315440306
380,12,First,Available,224.587152975764
1071,31,Business,Available,224.263002265715
838,23,First,Available,223.870166642174
1356,42,Business,Available,223.625641067021
1451,44,First,Available,223.478871887664
1511,46,Business,Available,223.424416442132
1179,34,Standard,Available,223.375319608554
1525,46,Business,Available,223.374815145219
721,20,First,Available,223.340975864143
1381,42,Business,Available,223.161447891937
261,8,Business,Available,222.924866474258
1146,33,Standard,Available,222.76459749131
1127,32,First,Available,222.076000572461
745,21,First,Available,222.057242404541
1038,30,Business,Available,222.01463894559
665,18,First,Available,221.855130606102
875,25,Standard,Available,221.661887565518
1011,29,Business,Available,221.5963837286
814,23,First,Available,221.250143015165
578,16,Standard,Available,221.035890858489
1000,28,Business,Available,220.992243275455
1312,40,Standard,Available,220.969881236416
1591,48,First,Available,220.947163212394
470,14,Business,Available,220.517649713359
670,18,Standard,Available,220.459179148879
1492,45,First,Available,220.189858581351
1578,48,First,Available,220.160995004327
1328,40,Standard,Available,220.140266525552
931,27,Business,Available,220.049830184626
1144,33,Business,Available,219.951498033573
1302,39,Standard,Available,219.29437749922
874,25,Business,Available,219.239085558955
1118,32,Business,Available,219.085772591118
1265,38,Business,Available,218.60970597813
925,26,Business,Available,218.407721660096
1112,32,First,Available,218.236643747066
80,2,First,Available,218.235735614384
1379,42,Business,Available,218.125970401614
149,4,Business,Available,217.927753082548
544,16,First,Available,217.884889127606
1004,29,Business,Available,217.829120670388
883,25,Business,Available,217.514181499583
1542,46,Business,Available,217.299292673502
411,12,Standard,Available,217.178018531152
1582,48,Business,Available,216.995555444589
1577,47,Standard,Available,216.914668804783
46,1,Business,Available,216.524088484809
758,21,Standard,Available,216.379987911798
1307,39,Business,Available,216.301868828273
738,21,First,Available,216.216013556972
836,23,First,Available,216.136611174714
477,14,First,Available,216.086674021654
820,23,Business,Available,215.877645332374
1547,47,Standard,Available,215.872102530297
209,6,Business,Available,215.845669892148
1343,41,Standard,Available,215.831474709758
729,20,Standard,Available,215.441469666552
522,15,Standard,Available,215.315211742651
1176,34,Business,Available,215.176351157316
69,2,Standard,Available,215.164680931972
1264,38,Standard,Available,215.094283776134
1221,36,Standard,Available,215.044207200306
1021,30,Business,Available,214.819360674171
801,22,Standard,Available,214.5698379757
620,17,Business,Available,214.451658445128
335,10,Standard,Available,214.392072761489
352,11,Standard,Available,214.374874058968
739,21,Standard,Available,214.235873611862
652,18,Standard,Available,214.196589906239
50,2,Business,Available,214.025751692847
456,13,Business,Available,213.56464375439
288,9,First,Available,213.285633247833
1171,34,Business,Available,212.840223412689
1097,31,Business,Available,212.776622023725
193,5,Business,Available,212.692448736516
1596,49,First,Available,212.569554626121
1103,32,Standard,Available,212.560995066924
502,15,Business,Available,212.123845433307
558,16,First,Available,211.939217587674
1601,49,Business,Available,211.681146248323
330,10,Standard,Available,211.643127397381
1218,36,First,Available,211.451691244802
156,4,First,Available,211.330063217291
1207,36,First,Available,211.32269584368
7,1,Business,Available,211.248656437477
567,16,First,Available,211.229391077212
176,5,First,Available,210.948568162891
737,21,Business,Available,210.827703938966
538,16,First,Available,210.525663674695
936,27,Business,Available,210.499584842159
284,9,First,Available,210.233503829271
1301,39,Standard,Available,210.170486583325
1187,34,Business,Available,209.746791708359
287,9,Business,Available,209.716727430429
681,19,First,Available,209.66435883816
1502,45,Standard,Available,209.651523148301
1496,45,Standard,Available,209.629794040729
423,13,First,Available,209.619608440711
1488,45,First,Available,209.460010327362
1342,41,First,Available,209.216678474718
1261,37,Business,Available,209.191982841704
100,3,First,Available,209.093161940723
366,11,Standard,Available,209.03049137236
1174,34,First,Available,209.026163482752
1180,34,Standard,Available,208.908506870364
1566,47,Business,Available,208.599588118424
129,3,First,Available,208.579174911526
791,22,First,Available,208.516886149192
1034,30,First,Available,208.357796539377
1008,29,Business,Available,208.348836343557
1222,36,Standard,Available,208.024338537347
1297,39,Standard,Available,207.939548411565
1093,31,Business,Available,207.761689689457
1616,50,Standard,Available,207.695013936396
324,10,First,Available,207.653734752659
188,5,First,Available,207.44448839376
27,1,Business,Available,207.408487093798
1520,46,Business,Available,207.028847546897
20,1,First,Available,206.481985298737
1546,47,Standard,Available,206.283871174864
846,24,Business,Available,205.941541675857
1453,44,Standard,Available,205.794140388526
1032,30,First,Available,205.669378559637
327,10,Standard,Available,205.612314639847
114,3,First,Available,205.573878781373
478,14,Business,Available,205.526925423184
811,23,First,Available,205.293264171265
216,6,Standard,Available,205.258352231477
1340,41,Standard,Available,205.133192250425
871,25,Business,Available,204.855631410954
600,17,Standard,Available,204.820648874666
62,2,Standard,Available,204.785619437291
1329,40,First,Available,204.097777118295
1220,36,First,Available,204.065705739873
207,6,Standard,Available,203.963145454966
1320,40,Business,Available,203.876933819586
753,21,First,Available,203.804600432891
1076,31,Standard,Available,203.550788456552
935,27,Business,Available,203.325907809504
127,3,Standard,Available,203.060326396861
1226,36,Standard,Available,202.870790366374
369,11,Business,Available,202.707159862677
596,17,Standard,Available,202.656505061286
1245,36,Standard,Available,202.568258496621
539,16,First,Available,202.388268628069
444,13,Business,Available,202.305009407049
49,2,Standard,Available,202.06874792383
407,12,First,Available,201.614142556657
726,20,Business,Available,201.561118744354
408,12,First,Available,201.398216762894
942,27,First,Available,201.266330046511
1330,41,Standard,Available,201.234845157833
940,27,Business,Available,201.068330765922
1406,43,First,Available,200.772034713615
278,9,Standard,Available,200.295244996898
911,26,Standard,Available,200.179619950473
1040,30,First,Available,200.173919719853
1358,42,First,Available,200.160981518479
583,16,Standard,Available,200.129436831686
449,13,First,Available,199.87010985502
1490,45,First,Available,199.833817106272
1443,44,Standard,Available,199.300181526501
1049,30,Business,Available,198.888528841763
723,20,Business,Available,198.855819644636
251,7,Business,Available,198.751633935324
186,5,Business,Available,198.65933133825
822,23,Standard,Available,198.373265199621
712,20,First,Available,198.315045511611
458,13,Standard,Available,198.25824451878
930,27,Standard,Available,198.248568051885
966,27,Business,Available,198.137617072385
1528,46,First,Available,198.08559241298
1390,42,Standard,Available,197.976136057588
1007,29,Standard,Available,197.883561240352
221,6,Standard,Available,197.704295068241
1374,42,Standard,Available,197.656573714011
1272,38,Business,Available,197.47704603718
1446,44,First,Available,197.42822758798
1359,42,Standard,Available,197.25659554072
1156,33,Standard,Available,197.137383507874
118,3,First,Available,197.034596605282
1102,31,Business,Available,196.89818176494
1424,43,Standard,Available,196.841115343889
725,20,Business,Available,196.820397097245
1293,39,First,Available,196.78569506486
1512,46,First,Available,196.681628748087
1154,33,First,Available,196.622175610252
1062,31,First,Available,196.587065282283
1268,38,Standard,Available,196.562884594193
393,12,Standard,Available,196.502743393998
549,16,Business,Available,196.457248487365
1126,32,Business,Available,196.139044652981
466,14,First,Available,195.99398426498
103,3,First,Available,195.957414881886
157,4,First,Available,195.117892093098
125,3,First,Available,195.005558993353
165,5,First,Available,194.674131971367
1139,33,Business,Available,194.672569338484
1311,40,Business,Available,194.548871366939
698,19,Standard,Available,194.513308022793
1581,48,First,Available,194.444860950762
1606,50,Business,Available,194.360018135476
1389,42,Standard,Available,193.560199291147
310,10,Business,Available,193.479118317078
119,3,Standard,Available,193.387773152534
1521,46,Business,Available,193.350532953206
482,14,Standard,Available,193.293110349952
685,19,First,Available,193.189595951226
523,15,First,Available,193.135624306429
1137,33,Standard,Available,193.014189966808
1046,30,First,Available,192.887295204148
1082,31,Standard,Available,192.590569262658
75,2,First,Available,192.37310100389
559,16,First,Available,192.281131267913
802,22,Business,Available,192.083821579476
166,5,Standard,Available,191.649497178987
74,2,First,Available,191.578700057947
1508,46,Standard,Available,191.419630800875
781,22,First,Available,191.263561191434
952,27,Standard,Available,190.709964725216
258,8,Standard,Available,190.709290504625
70,2,First,Available,190.669293211575
1173,34,First,Available,190.52112805974
107,3,Standard,Available,190.441410185051
517,15,First,Available,189.925734421341
1168,34,First,Available,189.869426052492
1532,46,Standard,Available,189.767367407322
439,13,First,Available,189.758406907746
690,19,Standard,Available,189.739296846176
1013,29,Business,Available,189.679697582257
1610,50,First,Available,189.652765763723
1039,30,Standard,Available,189.56439170366
198,6,First,Available,189.474895630996
1429,43,Standard,Available,189.304917062866
102,3,Standard,Available,189.144584927581
404,12,First,Available,189.087222868674
541,16,Business,Available,189.067751319953
385,12,First,Available,188.978009830167
702,19,Business,Available,188.7597811653
1333,41,Business,Available,188.72266533564
263,8,Business,Available,188.293311811921
249,7,Business,Available,188.185526924206
155,4,Business,Available,187.807847337888
313,10,Business,Available,187.790513515081
1238,36,Standard,Available,187.758644053429
1213,36,First,Available,187.686062365414
717,20,Business,Available,187.429418495468
983,28,Standard,Available,187.412197744253
684,19,Standard,Available,187.377775982475
1134,33,Standard,Available,187.181869497314
42,1,Business,Available,186.940596181435
1400,43,Standard,Available,186.832561302332
1299,39,Business,Available,186.541532283215
815,23,Business,Available,186.410491063544
142,4,Business,Available,186.405799454455
704,19,Standard,Available,186.158287231502
1336,41,Standard,Available,186.051480067545
1478,45,Business,Available,185.98864990906
1181,34,Business,Available,185.8609404548
835,23,Standard,Available,185.834195911852
858,25,Standard,Available,185.743278708786
1196,35,First,Available,185.707288001313
97,3,Standard,Available,185.65982668666
1041,30,Standard,Available,185.648391243393
172,5,Standard,Available,185.6113187623
230,6,Business,Available,185.540494998334
51,2,First,Available,185.537269690226
1236,36,Business,Available,185.328863911013
592,17,First,Available,185.138989117634
959,27,Business,Available,185.027755466324
733,21,Standard,Available,184.895903618648
1394,42,First,Available,184.649613858279
1589,48,Business,Available,184.4373434583
421,13,First,Available,183.809760272133
1574,47,Standard,Available,183.753907459217
140,4,Standard,Available,183.692401375998
328,10,Standard,Available,183.528300500531
17,1,Standard,Available,183.525252511526
60,2,First,Available,183.486366278648
660,18,First,Available,183.265461131624
1241,36,Standard,Available,182.954469133654
243,7,Business,Available,182.894578182544
1194,35,First,Available,182.672914944632
1227,36,First,Available,182.615807100394
414,12,Standard,Available,182.401499545806
274,9,Standard,Available,182.250615575439
709,19,First,Available,181.996477935464
226,6,Business,Available,181.994355204739
1153,33,First,Available,181.872781422061
812,23,Standard,Available,181.674988972826
636,18,Standard,Available,181.543280418059
584,16,First,Available,181.454860140329
61,2,Standard,Available,181.434959542512
90,2,Business,Available,181.374153513108
281,9,First,Available,181.308600181075
1286,38,First,Available,181.280569348085
1466,44,Standard,Available,181.244840350539
579,16,Business,Available,181.229822150646
247,7,Business,Available,180.914411320957
843,24,Business,Available,180.859980693501
1471,44,First,Available,180.783080321179
484,14,Business,Available,180.385306851718
536,15,Business,Available,180.231031482092
954,27,First,Available,180.210342632057
1455,44,First,Available,179.934989469535
148,4,Standard,Available,179.840983059621
1503,45,Business,Available,179.760465525855
1593,49,First,Available,179.578976248469
21,1,Business,Available,179.217932797379
1131,33,Business,Available,179.147203753282
8,1,First,Available,179.134680542253
128,3,Standard,Available,179.098028006405
1300,39,Business,Available,178.949130397504
891,25,Standard,Available,178.949069802544
4,1,First,Available,178.92635755309
905,26,Business,Available,178.727720062417
555,16,Business,Available,178.7220946752
1243,36,Business,Available,178.628314017733
1027,30,Business,Available,178.584614305738
1172,34,First,Available,178.562854763492
413,12,Business,Available,177.527439535024
976,28,First,Available,177.509280594147
532,15,Standard,Available,177.444642133453
1459,44,Business,Available,176.744695966745
1594,49,Business,Available,176.400947804917
113,3,Business,Available,176.349424913983
1339,41,Standard,Available,176.255409312923
1119,32,First,Available,175.904427720719
36,1,First,Available,175.864402951115
768,21,Standard,Available,175.857906035887
447,13,Business,Available,175.85065161623
699,19,First,Available,175.60857982329
1248,36,First,Available,175.256082019228
782,22,First,Available,175.234050802
629,17,Business,Available,175.123577920828
376,12,First,Available,175.09050105703
65,2,Business,Available,175.074169481094
112,3,Standard,Available,174.933393204916
710,19,Business,Available,174.889406568685
1025,30,Business,Available,174.884470120165
11,1,First,Available,174.727280923692
880,25,Standard,Available,174.51320251457
736,21,Standard,Available,174.42603138444
1366,42,Standard,Available,174.302303069636
1319,40,First,Available,174.288512568822
1483,45,Standard,Available,174.06528228789
164,5,First,Available,174.045638221284
1016,29,Standard,Available,173.609869324574
595,17,Standard,Available,173.449661265922
77,2,Standard,Available,173.237208491281
37,1,Business,Available,173.204422702149
657,18,Business,Available,172.964458222671
1205,35,Standard,Available,172.054784305769
296,9,First,Available,172.051397751243
823,23,First,Available,171.825466269898
550,16,Business,Available,171.748563425365
93,2,Business,Available,171.646423716326
908,26,First,Available,171.33389446229
1327,40,Standard,Available,171.180714632049
224,6,Business,Available,171.108544713212
170,5,Standard,Available,170.677235506624
1417,43,Standard,Available,170.659865426987
1183,34,Standard,Available,170.570683786456
357,11,First,Available,170.480557570478
877,25,Standard,Available,170.468933374353
1237,36,Business,Available,170.455845724325
965,27,First,Available,170.05987738633
292,9,First,Available,169.814217217338
642,18,Standard,Available,169.800784060492
1086,31,Business,Available,169.570487226456
1579,48,Business,Available,169.239454671815
1285,38,First,Available,169.02098722776
924,26,Business,Available,168.974438674766
701,19,Business,Available,168.944927480931
640,18,First,Available,168.785659298346
1402,43,Business,Available,168.444580942367
663,18,First,Available,168.369110407209
546,16,First,Available,167.369345614378
35,1,Standard,Available,167.289121863919
581,16,Standard,Available,166.902128731658
1262,38,First,Available,166.862553937856
900,25,Business,Available,166.840475438553
1523,46,Business,Available,166.779156282696
1115,32,Standard,Available,166.72756058244
1201,35,Standard,Available,166.56842675994
680,19,Business,Available,166.428526503761
19,1,Standard,Available,166.409034922049
1484,45,First,Available,166.370015024514
1202,35,Business,Available,166.301836461382
1468,44,Business,Available,166.173570216583
1029,30,First,Available,166.173137658793
714,20,Standard,Available,165.839305194453
409,12,Business,Available,165.834095619497
810,23,Business,Available,165.790412972101
136,3,Standard,Available,165.642766501775
624,17,Standard,Available,165.03105147359
1409,43,First,Available,164.705127670024
755,21,First,Available,164.456119782747
183,5,First,Available,164.452218657715
1037,30,Standard,Available,164.352279795204
1380,42,First,Available,164.326377003608
1364,42,Standard,Available,164.304485043793
671,18,First,Available,164.170650166403
488,14,First,Available,163.783362232163
1500,45,Standard,Available,163.527515341472
53,2,Business,Available,163.429891744366
1464,44,Business,Available,163.351339307504
1590,48,Standard,Available,163.331771691581
461,13,Business,Available,163.22145145054
757,21,First,Available,163.125054887267
1212,36,Standard,Available,162.747496499027
1398,42,First,Available,162.65854505449
24,1,Standard,Available,162.419183573614
71,2,Standard,Available,162.257540254403
137,3,First,Available,162.194708734511
459,13,First,Available,161.983761653848
1160,33,Business,Available,161.947209503085
434,13,Business,Available,161.86583764442
554,16,Business,Available,161.514648392286
1106,32,Standard,Available,161.389848426983
653,18,Standard,Available,161.35420176723
1003,28,First,Available,161.15718909235
382,12,First,Available,161.02552747392
763,21,First,Available,161.002629383044
932,27,First,Available,160.967878020199
953,27,Business,Available,160.860459452839
1383,42,Business,Available,160.629048204059
819,23,Business,Available,160.537940845265
406,12,First,Available,160.369315488019
1075,31,Business,Available,160.093366747002
1282,38,Business,Available,160.013507769486
1283,38,Business,Available,159.655070970169
1531,46,Business,Available,159.279757847947
23,1,First,Available,159.234329430138
1403,43,Standard,Available,159.184280484775
203,6,Business,Available,158.979612890903
507,15,Business,Available,158.916397406248
485,14,Business,Available,158.852483862709
1452,44,First,Available,158.775314970419
16,1,Business,Available,158.123991327675
89,2,Standard,Available,157.554097196902
280,9,First,Available,157.240514108922
1017,29,First,Available,157.237869121286
479,14,Business,Available,157.183393118993
970,28,Business,Available,157.10404602874
383,12,First,Available,157.052768178187
1141,33,First,Available,156.952497614374
43,1,Standard,Available,156.67563572634
793,22,First,Available,156.612269148412
306,10,First,Available,156.611407744197
428,13,First,Available,156.5671440224
1491,45,Standard,Available,156.530541842565
540,16,Business,Available,156.518017178254
1095,31,Standard,Available,156.22790900755
1551,47,First,Available,156.044789443892
429,13,Standard,Available,155.952630891537
195,5,Standard,Available,155.883871060677
1548,47,Business,Available,155.733087443297
448,13,Business,Available,155.692002206117
1035,30,Business,Available,155.633883909226
591,17,Standard,Available,155.549353427964
500,15,Business,Available,155.136793518371
601,17,Standard,Available,155.12284105898
647,18,Standard,Available,155.026888188078
332,10,Standard,Available,154.887688163558
651,18,First,Available,154.837888106217
1321,40,Standard,Available,154.808173786981
1506,45,Business,Available,154.430531343193
1123,32,First,Available,154.154862278153
40,1,Standard,Available,154.14923066252
776,22,Business,Available,153.96507187149
1460,44,Business,Available,153.688771458545
1135,33,Business,Available,153.587297239719
760,21,Business,Available,153.375588652944
1350,41,First,Available,153.370489790993
867,25,Business,Available,153.325697304748
1251,36,First,Available,153.313825739677
1044,30,First,Available,153.267689127832
593,17,Business,Available,153.10612186971
106,3,Standard,Available,153.061263228894
950,27,First,Available,152.712426289857
228,6,First,Available,152.481014429775
495,15,Standard,Available,152.410595393477
1098,31,First,Available,152.257906558371
890,25,Business,Available,152.200360085358
773,22,First,Available,152.081034237277
1070,31,First,Available,152.043627794836
104,3,Standard,Available,151.951020919985
1129,33,First,Available,151.874494024172
992,28,First,Available,151.868705662938
996,28,First,Available,151.667027218308
1367,42,Business,Available,151.388326440258
922,26,First,Available,151.337361377321
105,3,First,Available,151.32852900422
861,25,First,Available,151.245798171259
138,4,Business,Available,151.03031935116
1384,42,Standard,Available,151.015387664999
175,5,First,Available,150.699792549521
1067,31,Standard,Available,150.362991776916
1063,31,First,Available,150.250299638498
914,26,First,Available,149.897363140167
1395,42,Business,Available,149.744661976322
742,21,Standard,Available,149.575720799428
206,6,First,Available,149.221004342014
239,7,Business,Available,149.210052291451
1570,47,Business,Available,149.140927141164
635,18,First,Available,148.888152352775
9,1,Standard,Available,148.769094410154
585,17,Business,Available,148.767901907678
390,12,First,Available,148.65331568974
1529,46,Business,Available,148.607500494537
1060,30,Business,Available,148.545102595275
39,1,Business,Available,148.506303282262
486,14,Business,Available,148.414165561738
364,11,Standard,Available,148.39748416313
289,9,First,Available,148.278559021786
254,8,Business,Available,148.094962004015
101,3,Business,Available,148.076946536473
1597,49,Standard,Available,147.821797678104
480,14,First,Available,147.811211698422
509,15,Business,Available,147.579673890245
990,28,Business,Available,147.566922956889
143,4,Standard,Available,147.524588023903
1454,44,Standard,Available,147.510760837236
1473,44,First,Available,147.483745226754
850,24,Standard,Available,147.020713127115
1544,47,Business,Available,146.971632689451
1326,40,Standard,Available,146.768596190502
1055,30,Standard,Available,146.369864942799
988,28,Standard,Available,146.361657405586
552,16,Standard,Available,145.923415010493
1553,47,First,Available,145.863217234622
892,25,First,Available,145.844707434738
885,25,First,Available,145.686298359391
57,2,Business,Available,145.673452851352
227,6,First,Available,145.573173870624
417,13,Business,Available,145.396705414418
1445,44,Standard,Available,145.337745044859
1482,45,Business,Available,145.14076577882
1573,47,Standard,Available,145.091540491243
1530,46,First,Available,144.794498182105
1527,46,Standard,Available,144.375908395376
1372,42,First,Available,144.24395158654
451,13,Standard,Available,143.720042855338
809,23,Business,Available,143.617507065095
56,2,Business,Available,143.431885807711
144,4,Business,Available,143.214086695605
338,10,First,Available,143.06082482939
854,25,Standard,Available,143.049841337065
350,11,First,Available,142.891725176386
956,27,Business,Available,142.59664393463
534,15,First,Available,142.592221415843
708,19,First,Available,142.502816734339
420,13,First,Available,142.437873933608
1022,30,First,Available,142.21615415729
608,17,Business,Available,141.952934979139
1206,36,First,Available,141.804062536886
399,12,First,Available,141.36918254375
1006,29,Business,Available,141.3119077212
1442,44,Standard,Available,141.115781696623
52,2,Business,Available,141.060443698315
1345,41,Business,Available,140.419376685818
219,6,First,Available,140.325638105502
715,20,First,Available,140.30974021077
378,12,First,Available,140.247528096404
610,17,First,Available,140.246983362068
1130,33,Business,Available,140.125840702104
82,2,Standard,Available,140.080779621432
78,2,First,Available,140.060421317646
626,17,Business,Available,139.929228855296
564,16,First,Available,139.878593527312
1432,44,Standard,Available,139.810951032629
199,6,Business,Available,139.690422603983
178,5,Business,Available,139.549680867703
334,10,Business,Available,139.518744343969
496,15,Business,Available,139.497650956172
770,22,First,Available,139.331389817886
526,15,Standard,Available,139.250380416327
1088,31,First,Available,138.978618451343
1064,31,Standard,Available,138.851353410189
873,25,First,Available,138.555057565804
1050,30,First,Available,138.516213504835
398,12,Standard,Available,138.450632414277
945,27,Standard,Available,138.17810700332
168,5,Business,Available,137.940364305394
941,27,Standard,Available,137.625585868406
849,24,Standard,Available,137.228723145945
872,25,Standard,Available,136.850896563841
1117,32,Business,Available,136.669689315762
1413,43,Standard,Available,136.666839248516
621,17,First,Available,136.641377726928
1391,42,Standard,Available,136.619149489419
569,16,Standard,Available,136.571994635445
275,9,Standard,Available,136.340445356931
1378,42,Standard,Available,136.300358130875
1572,47,Standard,Available,136.177008853795
84,2,Standard,Available,136.022778134123
1608,50,First,Available,135.869369404723
901,26,Standard,Available,135.737954539406
949,27,First,Available,135.544227159219
1558,47,First,Available,135.366487981498
524,15,Business,Available,135.190853027932
1031,30,Business,Available,135.170358371927
182,5,First,Available,134.843386416407
1421,43,Business,Available,134.703980530622
10,1,First,Available,134.329318074345
326,10,Standard,Available,134.062839425363
1010,29,Standard,Available,134.018004204993
293,9,Standard,Available,133.996648493094
259,8,Standard,Available,133.972459675358
1051,30,Standard,Available,133.876094456059
494,14,First,Available,133.712763382115
443,13,Business,Available,133.30428779424
1197,35,First,Available,133.257061203957
67,2,First,Available,133.252853595597
1493,45,Business,Available,133.125851758596
576,16,First,Available,133.041599197744
1392,42,Standard,Available,132.982528998861
304,10,Business,Available,132.915376076758
473,14,Standard,Available,132.906454412225
590,17,Business,Available,132.902479804047
1114,32,First,Available,132.763039986634
1552,47,Business,Available,132.483190331079
1586,48,Standard,Available,132.402605010256
468,14,Business,Available,132.095680427247
518,15,First,Available,131.622914238128
1355,42,Standard,Available,131.19125444306
146,4,First,Available,131.107208102423
960,27,First,Available,130.971572660313
1363,42,Business,Available,130.924079941206
969,27,Standard,Available,130.859648371201
687,19,Standard,Available,130.617412117945
1107,32,Business,Available,130.598148525805
1100,31,First,Available,130.19471297414
1603,49,Standard,Available,129.742792716973
6,1,Business,Available,129.629985892918
568,16,Standard,Available,129.101494374023
688,19,Standard,Available,128.935740865452
68,2,Standard,Available,128.654757664776
722,20,Standard,Available,128.631315012422
124,3,Business,Available,128.603907294192
571,16,Standard,Available,128.540354268098
821,23,Standard,Available,127.375393879564
45,1,Business,Available,127.373890856366
898,25,First,Available,127.188503564432
1030,30,First,Available,127.056439958364
54,2,Standard,Available,125.984948530407
512,15,Business,Available,125.973694772981
134,3,First,Available,125.77014822528
312,10,Standard,Available,125.675716842399
677,19,Standard,Available,125.579310367438
1191,35,Standard,Available,125.541145572808
1537,46,Standard,Available,125.185852438914
683,19,First,Available,125.179886496377
1397,42,First,Available,125.050667370705
1362,42,Business,Available,125.041583223945
774,22,Standard,Available,124.940923748993
1303,39,Business,Available,124.378683796181
337,10,Business,Available,124.16714785818
432,13,First,Available,124.076766678979
762,21,Business,Available,124.04948684622
1588,48,Business,Available,124.031431253257
743,21,Standard,Available,123.877498908093
1331,41,First,Available,123.75743435386
3,1,Business,Available,123.592799136924
5,1,First,Available,123.578011290951
919,26,First,Available,123.547865435446
1250,36,Standard,Available,123.381411212141
248,7,Standard,Available,123.363816212139
375,11,First,Available,123.195063706537
1481,45,Standard,Available,122.933287145627
1084,31,Standard,Available,122.831337362951
465,14,Business,Available,122.443721772037
848,24,Business,Available,122.22359201055
301,9,Standard,Available,122.118860669949
929,26,Business,Available,121.943024509817
236,7,Standard,Available,121.849708211684
81,2,Business,Available,121.761750049125
1515,46,Business,Available,121.754505827026
211,6,Standard,Available,121.724300760623
354,11,First,Available,121.540649552348
824,23,First,Available,121.488776488646
1001,28,Standard,Available,121.430129823992
1559,47,First,Available,121.3849552361
909,26,Standard,Available,121.34885074698
1387,42,First,Available,121.018494243635
1486,45,First,Available,120.849886159611
1254,37,First,Available,120.79743019982
1427,43,Standard,Available,120.693009631739
706,19,First,Available,120.593100810992
513,15,Standard,Available,120.520391203163
535,15,Business,Available,120.192100066761
1457,44,Business,Available,120.147612124318
291,9,First,Available,120.09190239235
1140,33,Business,Available,120.028619795685
1185,34,Business,Available,119.728069907981
329,10,Business,Available,119.557003254529
503,15,Business,Available,119.484085195791
1165,33,First,Available,118.878911819674
832,23,Business,Available,118.771019664831
703,19,Business,Available,118.531808970373
1554,47,Standard,Available,118.517513958732
147,4,Standard,Available,118.41782154089
403,12,First,Available,118.222943934259
336,10,Standard,Available,117.944522308825
574,16,Business,Available,116.389100330634
1170,34,Standard,Available,116.296390633876
645,18,Standard,Available,116.252870258698
962,27,Standard,Available,115.926304893906
1352,42,Business,Available,115.81863373331
1412,43,First,Available,115.81620852119
650,18,First,Available,115.653834883646
749,21,Business,Available,115.374566752612
1480,45,Standard,Available,115.349574711419
454,13,First,Available,115.266328845769
1143,33,Business,Available,115.223199806192
1431,44,Standard,Available,115.118861333624
1260,37,Business,Available,114.906837673549
1204,35,Business,Available,114.867234977777
489,14,Business,Available,114.705897432279
605,17,Standard,Available,114.681970557102
171,5,Business,Available,114.610052345767
86,2,Business,Available,114.604686091277
416,13,Standard,Available,114.207660762665
995,28,Business,Available,113.790130897379
1052,30,Standard,Available,113.78885841677
1479,45,Standard,Available,113.424472750787
1487,45,Business,Available,113.405925637363
220,6,Business,Available,113.030480577269
430,13,First,Available,112.784980857924
245,7,First,Available,112.682466939097
633,18,First,Available,112.373840129277
1091,31,First,Available,112.132863275267
973,28,Business,Available,112.016070820883
344,10,Business,Available,111.942631687115
516,15,First,Available,111.82622172136
907,26,First,Available,111.658748265413
851,24,Standard,Available,111.570678416259
963,27,Standard,Available,111.454332687153
923,26,Standard,Available,111.44692343868
964,27,Business,Available,111.336991818871
1295,39,First,Available,111.016750149397
1077,31,Standard,Available,110.941580477702
255,8,Business,Available,110.926107573535
48,2,Business,Available,110.862065657705
842,23,First,Available,110.715422814471
161,4,Business,Available,110.502758166534
1198,35,First,Available,110.146352763479
1151,33,First,Available,110.021869600992
13,1,First,Available,109.918987498613
1231,36,First,Available,109.877438768627
991,28,Business,Available,109.516762187521
765,21,Standard,Available,109.331939065163
1458,44,Business,Available,109.292123848756
365,11,Business,Available,109.078657918321
360,11,Standard,Available,108.855391196853
887,25,Business,Available,108.842987606138
1410,43,Standard,Available,108.648592224235
1485,45,Standard,Available,108.430281328868
151,4,Standard,Available,108.217307609958
752,21,Standard,Available,108.167625481635
436,13,Standard,Available,108.141291793992
15,1,Standard,Available,107.732763935547
462,13,First,Available,107.696101924227
630,17,Standard,Available,107.290291348718
311,10,First,Available,107.136620083642
689,19,Business,Available,107.014861560429
674,19,Standard,Available,106.898534315477
1420,43,First,Available,106.823246645564
678,19,First,Available,106.81480187467
12,1,First,Available,106.727482273104
1116,32,Business,Available,106.544025307161
696,19,Business,Available,106.494731840287
1193,35,Business,Available,106.27835753507
876,25,Standard,Available,106.274106678106
1540,46,Standard,Available,105.996990034068
1495,45,Standard,Available,105.915548814836
126,3,Standard,Available,105.729109461352
1428,43,Standard,Available,105.687223665986
63,2,First,Available,105.497476234228
441,13,Business,Available,105.400123611199
577,16,Business,Available,105.332067806781
947,27,First,Available,105.008056231273
816,23,Standard,Available,104.856671018756
903,26,First,Available,104.838672130929
803,22,Business,Available,104.783565625991
573,16,Standard,Available,104.76482526543
1309,39,First,Available,104.575711282665
116,3,Standard,Available,104.437813506006
719,20,First,Available,104.38296472779
926,26,Standard,Available,104.3609846757
1298,39,First,Available,104.230255445151
997,28,Business,Available,104.221286017222
864,25,First,Available,104.191397123437
1109,32,Business,Available,104.015494248395
185,5,Standard,Available,103.928942185895
575,16,First,Available,103.701208919399
806,23,Standard,Available,103.296992533047
246,7,Standard,Available,103.176194633129
1215,36,First,Available,103.027823795642
787,22,Business,Available,102.919788449859
1110,32,First,Available,102.833811920069
1567,47,First,Available,102.776873468859
1019,30,Business,Available,102.44409711845
194,5,Standard,Available,102.28320482926
1498,45,Standard,Available,102.264204945084
1210,36,Standard,Available,102.247575917678
208,6,First,Available,102.025638299221
316,10,Business,Available,101.079540190582
476,14,Standard,Available,101.041090765518
547,16,Standard,Available,100.883859115069
648,18,Standard,Available,100.7238730082
783,22,First,Available,100.358922836222
913,26,Business,Available,100.330332835116
1474,45,Business,Available,100.248612482716
1388,42,Standard,Available,100.205656297092
242,7,Standard,Available,100.152020821864
370,11,Business,Available,100.038020039434
464,14,Standard,Available,99.9715519312527
1475,45,First,Available,99.7818901045623
934,27,First,Available,99.7595739784789
984,28,First,Available,99.558249492757
169,5,Business,Available,99.4280525927716
759,21,First,Available,99.4190529088764
299,9,Standard,Available,99.3099083704461
1233,36,Business,Available,99.231040685496
1524,46,Standard,Available,98.6975014610443
798,22,Business,Available,98.6373856412776
808,23,Standard,Available,98.3222507621447
713,20,Standard,Available,98.2974551913829
700,19,Standard,Available,98.2476557702615
795,22,Business,Available,98.2267723235594
1211,36,Standard,Available,97.7479450599886
1441,44,First,Available,97.7453181552456
131,3,Business,Available,97.6834465694552
790,22,Standard,Available,97.4646498957961
827,23,Business,Available,97.2927753780752
83,2,Business,Available,97.1399163966407
1607,50,First,Available,97.1139510442421
269,8,First,Available,97.1014705602685
1028,30,Standard,Available,97.0016093751138
884,25,First,Available,96.8683497918859
1514,46,First,Available,96.7306683264146
351,11,Standard,Available,96.6744634140215
253,8,Standard,Available,96.3779327445119
1258,37,First,Available,96.3758894774828
1323,40,Business,Available,96.3673070995375
789,22,Business,Available,96.0993645928224
1121,32,Business,Available,95.860447998524
1273,38,First,Available,95.6943023564338
632,18,Standard,Available,95.5916246222537
1535,46,First,Available,94.9877551117204
804,22,Business,Available,94.9043863005112
308,10,First,Available,94.6640142610565
1585,48,Standard,Available,94.6342418251926
974,28,First,Available,94.5926739504655
1449,44,Standard,Available,94.4088853558895
1278,38,First,Available,94.1455474023814
233,6,First,Available,94.1392172221698
1188,35,Standard,Available,94.0453845790203
1550,47,Standard,Available,93.8879921838706
321,10,Business,Available,93.8497168569283
158,4,Standard,Available,93.7713504674197
981,28,First,Available,93.6879361984564
878,25,Standard,Available,93.4205964908606
1083,31,Business,Available,93.3470939055745
1162,33,First,Available,93.1916148027052
825,23,Business,Available,93.0437870599055
1501,45,First,Available,92.9251935898478
1182,34,Business,Available,92.7989567054775
442,13,Business,Available,92.7839878798276
659,18,Business,Available,92.7034877290075
34,1,Business,Available,92.3023826050618
985,28,Business,Available,91.9430597892862
1279,38,First,Available,91.3985849608377
1305,39,First,Available,91.3938807282332
244,7,Standard,Available,91.2968654895634
1249,36,First,Available,90.6355655823095
938,27,First,Available,90.5804085302778
1408,43,First,Available,90.3908532760551
557,16,Business,Available,89.9957125379883
205,6,Standard,Available,89.855317982995
1073,31,First,Available,89.5880974259043
979,28,Standard,Available,89.5535073891884
779,22,Business,Available,89.5072023244837
1516,46,First,Available,89.3398119309911
761,21,Business,Available,89.3197321046996
1276,38,Standard,Available,89.2764101238234
431,13,Business,Available,89.1136322433169
200,6,Business,Available,89.0321498732587
1518,46,Business,Available,88.9273090468759
668,18,Business,Available,88.7474527667011
235,6,Standard,Available,88.6558676479279
435,13,First,Available,88.5914065121372
14,1,Business,Available,87.922090205358
1157,33,Standard,Available,87.7084116467488
405,12,First,Available,87.5166371498369
882,25,Business,Available,87.4681296622483
150,4,Business,Available,87.3793261234651
141,4,Business,Available,87.2595590084455
1575,47,Business,Available,87.090124194102
830,23,First,Available,87.0722759135766
614,17,Standard,Available,87.0344630733371
87,2,Business,Available,86.8169676379865
191,5,Standard,Available,86.7378541327023
307,10,Standard,Available,86.4339607551349
497,15,Business,Available,86.3792891558562
896,25,Standard,Available,86.3662470763298
1054,30,First,Available,85.7066936094212
31,1,Standard,Available,85.6761721527173
606,17,First,Available,85.1367242194108
1534,46,First,Available,84.6853949458072
928,26,First,Available,84.4816851445919
939,27,First,Available,84.4225166350777
187,5,Standard,Available,84.3897424918357
944,27,Business,Available,84.125882073905
298,9,Standard,Available,84.0791911828722
644,18,Business,Available,84.0014940741994
1371,42,Business,Available,83.8210231755275
889,25,Standard,Available,83.751057212263
204,6,First,Available,83.6022907634458
664,18,Standard,Available,83.3388040704625
748,21,Business,Available,83.0398618098394
548,16,Standard,Available,82.8272069534787
79,2,First,Available,82.7383453526546
1499,45,Business,Available,82.5070989774228
603,17,First,Available,82.1730603319489
631,17,Standard,Available,82.1160221442354
18,1,Business,Available,81.7711428796518
661,18,Standard,Available,81.7589374124268
402,12,First,Available,81.6852853049403
1434,44,Business,Available,81.5024606800194
561,16,Business,Available,81.2368848087276
395,12,Business,Available,81.1634638634676
1296,39,First,Available,81.1055528110805
135,3,Standard,Available,81.1043089237518
472,14,First,Available,81.0964566498147
1322,40,Standard,Available,80.5629815336598
268,8,First,Available,80.5133245010821
1568,47,Standard,Available,79.9078024253928
159,4,Standard,Available,79.7349933928456
1132,33,Business,Available,79.4976185132985
968,27,Standard,Available,79.4426697183629
1612,50,First,Available,78.9959357558164
1199,35,First,Available,78.9929769035327
325,10,Standard,Available,78.947477004106
163,5,Business,Available,78.8536666942881
711,19,Standard,Available,78.5838093785354
999,28,Standard,Available,78.4007631366527
694,19,Standard,Available,77.9942463546637
634,18,Business,Available,77.7442878482714
283,9,First,Available,77.3658523459463
1556,47,Business,Available,77.3141183388199
542,16,Standard,Available,77.3019064546595
64,2,Standard,Available,77.2013309557804
1149,33,Business,Available,77.1109529263575
471,14,Business,Available,76.8821320578914
1549,47,First,Available,76.3653447507171
586,17,Standard,Available,76.2792915887031
323,10,Standard,Available,76.1161278338339
837,23,Business,Available,75.7755051096413
778,22,First,Available,75.6649999380389
627,17,First,Available,75.5439708316455
732,20,Standard,Available,75.3201134294658
1101,31,Standard,Available,74.8975211671635
1078,31,Business,Available,74.6955638898912
446,13,Business,Available,74.5642690910242
1195,35,Standard,Available,74.1949061167435
475,14,Business,Available,74.1177661929215
234,6,First,Available,74.0130766507594
1605,50,First,Available,73.8713256200905
1346,41,Standard,Available,73.8591767279108
1375,42,First,Available,73.7306800070295
1161,33,Standard,Available,73.6845697513433
257,8,Standard,Available,73.6387910336199
445,13,Business,Available,73.2012203354144
977,28,First,Available,73.1836073211517
483,14,Standard,Available,73.1087802444479
855,25,Business,Available,72.9825800155011
1009,29,Standard,Available,72.7318515048239
1190,35,Standard,Available,72.6518307588584
1142,33,First,Available,72.3130967204988
1561,47,First,Available,72.040066005097
604,17,First,Available,71.9792437138685
817,23,Business,Available,71.864369102129
1439,44,Standard,Available,71.7518137849616
1043,30,Standard,Available,71.7407071952247
59,2,First,Available,71.3222065722358
1456,44,First,Available,71.1406031037981
1539,46,First,Available,70.8773482047524
499,15,Standard,Available,70.7248786347867
368,11,First,Available,70.662192493756
1314,40,First,Available,70.6418898276882
1615,50,Standard,Available,70.6163749067985
38,1,Business,Available,70.5918551338465
982,28,Standard,Available,70.1317636514741
673,18,Standard,Available,70.0927156759509
285,9,First,Available,69.9303002360987
372,11,Standard,Available,69.8168535699337
347,11,Standard,Available,69.7647939344561
917,26,Standard,Available,69.7245172713471
1235,36,Business,Available,69.6061929551596
121,3,Standard,Available,69.4497302107129
1341,41,First,Available,69.4237531409486
771,22,Business,Available,69.3215720638066
270,8,Business,Available,69.1341883108525
746,21,First,Available,69.0059089239192
1385,42,First,Available,68.9969937498222
730,20,Standard,Available,68.9661683862626
66,2,First,Available,68.9462982110167
609,17,Standard,Available,68.8377567366031
599,17,Business,Available,68.6989061907837
1111,32,First,Available,68.3615853310772
1545,47,First,Available,68.3150308230126
1068,31,Business,Available,68.253969536439
322,10,Business,Available,68.2240392376244
1288,38,Business,Available,68.1249525431453
545,16,Standard,Available,68.0442491427276
1085,31,Standard,Available,67.9381073758836
1090,31,Standard,Available,67.9271065085117
1555,47,First,Available,67.8504744428825
189,5,First,Available,67.8376188601957
1056,30,Standard,Available,67.612829674202
1184,34,Standard,Available,67.5309412401368
265,8,First,Available,67.4964326042337
918,26,Business,Available,67.4594422624456
754,21,Business,Available,67.4109368993525
994,28,First,Available,67.0983104483669
277,9,Business,Available,67.0243592222184
839,23,Business,Available,66.8783577769562
401,12,Standard,Available,66.8071510070565
340,10,Standard,Available,66.7774756743622
623,17,Standard,Available,66.6959298570422
410,12,Business,Available,66.6409094026417
1281,38,First,Available,66.5708888408354
521,15,Business,Available,66.1311517599611
1317,40,Business,Available,66.0636127974389
1230,36,First,Available,65.9875530863071
1463,44,First,Available,65.9320720489152
437,13,First,Available,65.6725590212152
1267,38,Standard,Available,65.5855871457073
1036,30,First,Available,65.5697994785935
1557,47,First,Available,65.4247964042204
691,19,Business,Available,64.8816942175914
1497,45,Business,Available,64.8026118941876
133,3,First,Available,64.7774011721432
1239,36,First,Available,64.6744402740044
262,8,First,Available,64.5733686071629
886,25,Standard,Available,64.4980563311116
682,19,Standard,Available,64.4948929262225
1414,43,First,Available,64.2286539508011
720,20,Standard,Available,64.1988391608892
1255,37,Business,Available,64.0438980388644
110,3,Business,Available,64.0065809774317
888,25,Business,Available,63.9659172590873
1277,38,First,Available,63.8322174170492
501,15,First,Available,63.5822567989844
1147,33,First,Available,63.3796619736873
1416,43,First,Available,63.0379341373879
343,10,Business,Available,62.888302712685
515,15,First,Available,62.7791370612146
493,14,Standard,Available,62.7233430314676
342,10,Business,Available,62.4062519856827
339,10,Standard,Available,62.2956631644655
912,26,Business,Available,62.2296717229038
1396,42,Standard,Available,62.1636482878466
1229,36,First,Available,62.0934259483815
1186,34,Standard,Available,62.0764929165923
628,17,First,Available,61.8281220005514
1053,30,Business,Available,61.4810603436355
210,6,Standard,Available,61.4342607690972
1407,43,Standard,Available,61.3291116108123
625,17,Standard,Available,61.014213808127
425,13,Business,Available,60.7676365759963
1122,32,Standard,Available,60.2132971887829
392,12,First,Available,60.1499410927315
619,17,Business,Available,60.1306346218835
1313,40,First,Available,59.7775732546757
666,18,Standard,Available,59.6681615927634
152,4,Standard,Available,59.5824835470972
1,1,Business,Available,59.55189338347
978,28,First,Available,59.2249301444581
1401,43,First,Available,59.0926713081678
972,28,First,Available,59.088966345233
452,13,Business,Available,58.9910847267169
958,27,First,Available,58.9316726224083
1337,41,Business,Available,58.8999641313331
1189,35,Business,Available,58.8036264654951
1234,36,Business,Available,58.7920223936042
1344,41,First,Available,58.7825620795567
707,19,Standard,Available,58.1003686209571
751,21,Business,Available,57.7019925067741
987,28,First,Available,57.4212829294352
863,25,Business,Available,56.8468454719845
250,7,Business,Available,56.7527416255252
1150,33,Business,Available,56.7221520435404
491,14,Standard,Available,56.0878418246829
899,25,Business,Available,56.0423120109118
1015,29,First,Available,55.6562306244258
948,27,First,Available,55.4964224242002
1583,48,Standard,Available,55.2396896319721
426,13,Business,Available,55.1660686591563
457,13,Business,Available,55.003602526534
893,25,Business,Available,54.9042081198118
362,11,Business,Available,54.6049888636896
679,19,First,Available,54.3685344082682
1105,32,Standard,Available,54.1095119232687
117,3,Business,Available,53.7974772712421
989,28,First,Available,53.692720488701
589,17,First,Available,53.5845637590247
1259,37,First,Available,53.2767291983676
857,25,Standard,Available,53.1402728897978
528,15,Standard,Available,52.8223711794949
1216,36,Business,Available,52.4124165540961
94,2,Standard,Available,52.1583365477917
957,27,Business,Available,52.0180021625904
1065,31,Standard,Available,51.6567326172124
1447,44,First,Available,51.3115178200815
841,23,Business,Available,50.95202431071
764,21,First,Available,50.8810985773189
1020,30,First,Available,50.8320990972144
1167,34,Standard,Available,50.7811388172093
852,24,Business,Available,50.7565291906614
766,21,Business,Available,50.7081674258963
865,25,Business,Available,50.3149884113817
833,23,Business,Available,50.2716072130141
1560,47,Business,Available,50.2303143141394
1505,45,Standard,Available,50.1656060438629
562,16,Business,Available,50.1387834325959
